Unnamed: 0,studyName,Sample Number,Region,Island,Stage,Individual ID,Clutch Completion,Date Egg,Culmen Length (mm),Culmen Depth (mm),Flipper Length (mm),Body Mass (g),Sex,Delta 15 N (o/oo),Delta 13 C (o/oo),Comments,Species
0,708,0,0,0.0,1,3,1,111107,0.25454545454545463,0.6666666666666665,0.15254237288135597,0.29166666666666674,0,0.0,0.0,0.3333333333333333,0
1,708,1,0,0.0,1,3,1,111107,0.26909090909090905,0.5119047619047619,0.2372881355932206,0.3055555555555556,1,0.2618135681340119,0.719310897683906,0.456140350877193,0
2,708,2,0,1.0,1,2,1,111607,0.2981818181818181,0.5833333333333335,0.38983050847457656,0.1527777777777778,1,0.14627543289785172,0.5216922995973219,0.456140350877193,0
3,708,3,0,1.0,1,4,1,111607,0.3272727272727274,0.4642857142857144,0.30508474576271194,0.3055555555555556,0,0.0,0.0,0.0,0
4,708,4,0,0.0,1,2,1,111607,0.16727272727272724,0.7380952380952381,0.3559322033898309,0.20833333333333337,1,0.22543401080197611,0.5244036436006407,0.456140350877193,0
5,708,5,0,0.0,1,1,1,111607,0.2618181818181817,0.8928571428571432,0.30508474576271194,0.26388888888888884,0,0.2052518526644822,0.5325160096196999,0.0,0
6,708,6,0,0.0,1,2,0,111507,0.2472727272727271,0.5595238095238098,0.15254237288135597,0.2569444444444444,0,0.3090384269880866,0.5572957129194309,0.456140350877193,0
7,708,7,0,0.0,1,3,0,111507,0.2581818181818183,0.7738095238095242,0.38983050847457656,0.5486111111111112,0,0.36337821702209516,0.6558481152135496,0.456140350877193,0
8,708,8,0,0.0,1,2,1,11907,0.07272727272727275,0.5952380952380953,0.3559322033898309,0.2152777777777778,0,0.0,0.0,0.24561403508771928,0
9,708,9,0,1.0,1,2,1,11907,0.3599999999999999,0.8452380952380953,0.30508474576271194,0.4305555555555556,0,0.2983938539714037,0.5957714176057847,0.43859649122807015,0
10,708,10,0,0.0,1,3,1,11907,0.20727272727272705,0.4761904761904763,0.2372881355932206,0.16666666666666663,0,0.19878680486327394,0.5587937614326801,0.43859649122807015,0
11,708,11,0,0.0,1,4,1,11907,0.20727272727272705,0.5,0.13559322033898313,0.2777777777777777,0,0.0,0.0,0.24561403508771928,0
12,708,12,0,0.0,1,2,1,111507,0.3272727272727274,0.535714285714286,0.1694915254237288,0.13888888888888884,0,0.0,0.0,0.3333333333333333,0
13,708,13,0,0.0,1,2,1,111507,0.23636363636363633,0.9642857142857144,0.3220338983050848,0.3055555555555556,0,0.0,0.0,0.3333333333333333,0
14,708,14,0,0.0,1,4,1,111607,0.09090909090909083,0.9523809523809526,0.4406779661016951,0.4722222222222223,0,0.1835632370313487,0.5548536462315106,0.456140350877193,0
15,708,15,0,1.0,1,2,1,111607,0.16363636363636358,0.5595238095238098,0.22033898305084776,0.2777777777777777,1,0.0,0.0,0.3333333333333333,0
16,708,16,0,0.0,1,3,1,111207,0.24,0.7023809523809526,0.38983050847457656,0.20833333333333337,1,0.3086608189087048,0.604057111551997,0.456140350877193,0
17,708,17,0,1.0,1,1,1,111207,0.3781818181818182,0.9047619047619047,0.42372881355932224,0.5,0,0.2073227348682507,0.5814563879079016,0.456140350877193,0
18,708,18,0,0.0,1,1,1,111607,0.08363636363636351,0.6309523809523809,0.20338983050847492,0.17361111111111116,1,0.6736430753037959,0.5525910977538562,0.456140350877193,0
19,708,19,0,1.0,1,4,1,111607,0.5054545454545454,1.0,0.37288135593220373,0.41666666666666674,0,0.2949238344629779,0.6952523623667934,0.456140350877193,0
20,708,20,0,0.731578947368421,1,2,1,111207,0.20727272727272705,0.6190476190476191,0.033898305084746116,0.19444444444444442,1,0.7406496289901248,0.5957249904824398,0.456140350877193,0
21,708,21,0,1.0,1,4,1,111207,0.20363636363636362,0.6666666666666665,0.13559322033898313,0.25,0,0.2048046852020562,0.6049887491604427,0.456140350877193,0
22,708,22,0,0.731578947368421,1,2,1,111207,0.13818181818181818,0.7261904761904763,0.2881355932203391,0.3055555555555556,1,0.31612950923669114,0.6140141819386109,0.456140350877193,0
23,708,23,0,1.0,1,2,1,111207,0.22181818181818191,0.5952380952380953,0.22033898305084776,0.3472222222222223,0,0.15939631995090298,0.5546184154732323,0.456140350877193,0
24,708,24,0,0.731578947368421,1,4,1,111007,0.24363636363636343,0.48809523809523814,0.13559322033898313,0.3055555555555556,0,0.39894094845609973,0.5323581574003295,0.456140350877193,0
25,708,25,0,1.0,1,4,1,111007,0.11636363636363622,0.6904761904761902,0.25423728813559343,0.3055555555555556,1,0.3141540227582402,0.8224533949060158,0.456140350877193,0
26,708,26,0,0.731578947368421,1,3,1,111207,0.3090909090909091,0.6547619047619051,0.1864406779661021,0.23611111111111116,0,0.2599076410386052,0.5124502069102128,0.456140350877193,0
27,708,27,0,0.731578947368421,1,2,1,111207,0.3054545454545454,0.5714285714285712,0.25423728813559343,0.13888888888888884,1,0.08927052478778408,0.47171814402931744,0.456140350877193,0
28,708,28,0,0.731578947368421,1,4,0,111007,0.2109090909090907,0.6547619047619051,0.0,0.125,1,0.149421504422387,0.5633683806528893,0.456140350877193,0
29,708,29,0,0.731578947368421,1,2,0,111007,0.3054545454545454,0.6904761904761902,0.13559322033898313,0.3472222222222223,0,0.2520176195904662,0.5888352053781185,0.456140350877193,0
30,708,30,0,1.0,1,4,1,11907,0.26909090909090905,0.4285714285714286,0.10169491525423746,0.1527777777777778,1,0.41047190675385825,0.5900299300188498,0.456140350877193,0
31,708,31,0,1.0,1,3,1,11907,0.18545454545454554,0.5952380952380953,0.10169491525423746,0.33333333333333326,0,0.9964345847662566,0.6216096593177687,0.456140350877193,0
32,708,32,0,1.0,1,4,1,11907,0.26909090909090905,0.5595238095238098,0.27118644067796627,0.16666666666666663,1,0.4040466071715325,0.6061339515362745,0.456140350877193,0
33,708,33,0,1.0,1,4,1,11907,0.31999999999999984,0.6904761904761902,0.20338983050847492,0.33333333333333326,0,0.2314240673875403,0.5796054932572341,0.456140350877193,0
34,708,34,0,1.0,1,2,1,111607,0.15636363636363626,0.4642857142857144,0.38983050847457656,0.17361111111111116,1,0.3073073920557621,0.5533896442753816,0.456140350877193,0
35,708,35,0,1.0,1,3,1,111607,0.2581818181818183,0.9523809523809526,0.4067796610169494,0.4027777777777777,0,0.3022613556686524,0.614029657646392,0.0,0
36,708,36,0,1.0,1,3,1,111607,0.24363636363636343,0.8214285714285716,0.30508474576271194,0.3472222222222223,0,0.3095690657101655,0.586835743932749,0.456140350877193,0
37,708,37,0,1.0,1,2,1,111607,0.3672727272727274,0.6428571428571428,0.13559322033898313,0.23611111111111116,1,0.08261071071405279,0.4714860084125956,0.456140350877193,0
38,708,38,0,1.0,1,2,0,111307,0.19999999999999996,0.7380952380952381,0.15254237288135597,0.16666666666666663,1,0.35358226847854946,0.6118630585569838,0.456140350877193,0
39,708,39,0,1.0,1,3,0,111307,0.2799999999999998,0.7142857142857144,0.20338983050847492,0.5416666666666667,0,0.0,0.0,1.0,0
40,708,40,0,1.0,1,1,1,111607,0.15999999999999992,0.5833333333333335,0.1694915254237288,0.125,0,0.4088362675468513,0.8034182743347769,0.456140350877193,0
41,708,41,0,1.0,1,1,1,111607,0.3163636363636362,0.6309523809523809,0.38983050847457656,0.33333333333333326,0,0.0,0.0,0.3333333333333333,0
42,708,42,0,1.0,1,2,1,111907,0.14181818181818184,0.6428571428571428,0.2372881355932206,0.11111111111111116,0,0.37274289739076805,0.6139584693905977,0.456140350877193,0
43,708,43,0,1.0,1,3,1,111907,0.4363636363636363,0.7857142857142856,0.4067796610169494,0.4722222222222223,0,0.3189794565305528,0.7711730896012536,0.456140350877193,0
44,708,44,0,1.0,1,4,1,111607,0.17818181818181822,0.4523809523809521,0.22033898305084776,0.08333333333333337,1,0.3441639280143858,0.6193656816894517,0.456140350877193,0
45,708,45,0,1.0,1,3,1,111607,0.2727272727272727,0.6785714285714288,0.30508474576271194,0.5277777777777777,0,0.3694318707578712,0.9025401826752546,0.456140350877193,0
46,708,46,0,1.0,1,3,1,111307,0.3272727272727274,0.7023809523809526,0.1694915254237288,0.20138888888888884,0,0.0,0.0,0.3333333333333333,0
47,708,47,0,1.0,1,2,1,111307,0.1963636363636363,0.6904761904761902,0.1186440677966103,0.07638888888888884,0,0.0,0.0,0.894736842105263,0
48,708,48,0,1.0,1,2,1,111307,0.14181818181818184,0.5714285714285712,0.30508474576271194,0.20833333333333337,1,0.37475415726621275,0.600986731128148,0.456140350877193,0
49,708,49,0,1.0,1,2,1,111307,0.37090909090909085,0.9642857142857144,0.3220338983050848,0.4027777777777777,0,0.24796528867541445,0.5673734938267403,0.456140350877193,0
50,809,50,0,0.731578947368421,1,4,1,11608,0.2727272727272727,0.5476190476190474,0.2372881355932206,0.2222222222222222,1,0.1657421230954641,0.27504975440051815,0.456140350877193,0
51,809,51,0,0.731578947368421,1,3,1,11608,0.290909090909091,0.6904761904761902,0.27118644067796627,0.4444444444444444,0,0.17517437543623648,0.14315648726194574,0.456140350877193,0
52,809,52,0,0.731578947368421,1,4,1,11908,0.10545454545454547,0.5714285714285712,0.30508474576271194,0.20833333333333337,1,0.11192899696164615,0.2619758764667104,0.456140350877193,0
53,809,53,0,0.731578947368421,1,4,1,11908,0.3599999999999999,0.7619047619047619,0.47457627118644075,0.375,0,0.16868150388181102,0.2178793947141191,0.0,0
54,809,54,0,0.731578947368421,1,3,1,11908,0.08727272727272717,0.5952380952380953,0.25423728813559343,0.05555555555555558,1,0.1562442861935356,0.14589259239771302,0.456140350877193,0
55,809,55,0,0.731578947368421,1,3,1,11908,0.33818181818181814,0.6547619047619051,0.3220338983050848,0.2777777777777777,0,0.14344337230248727,0.22904357030768807,0.456140350877193,0
56,809,56,0,0.731578947368421,1,3,1,111508,0.25090909090909097,0.5238095238095237,0.2372881355932206,0.23611111111111116,1,0.18677489311703943,0.29300467056860846,0.456140350877193,0
58,809,58,0,0.731578947368421,1,2,1,111508,0.15999999999999992,0.41666666666666696,0.15254237288135597,0.04166666666666663,1,0.828792894290407,0.35191140466809223,0.456140350877193,0
59,809,59,0,0.731578947368421,1,3,1,111508,0.19999999999999996,0.7142857142857144,0.37288135593220373,0.29166666666666674,0,0.2933021071325794,0.347203694360962,0.456140350877193,0
60,809,60,0,0.731578947368421,1,2,1,111308,0.13090909090909109,0.4523809523809521,0.22033898305084776,0.125,1,0.2648264831252911,0.1885281673357344,0.456140350877193,0
61,809,61,0,0.731578947368421,1,3,1,111308,0.3345454545454545,0.9523809523809526,0.38983050847457656,0.4722222222222223,0,0.2217592879663064,0.19822834097317532,0.456140350877193,0
62,809,62,0,0.731578947368421,1,4,1,111308,0.19999999999999996,0.4642857142857144,0.22033898305084776,0.25,1,0.18849201617275524,0.24849343984747208,0.456140350877193,0
63,809,63,0,0.731578947368421,1,3,1,111308,0.3272727272727274,0.6071428571428572,0.33898305084745806,0.375,0,0.19684112954898492,0.12947286644154765,0.456140350877193,0
64,809,64,0,0.731578947368421,1,3,1,111308,0.15636363636363626,0.4761904761904763,0.20338983050847492,0.04166666666666663,1,0.1975546100779224,0.2791941489444021,0.456140350877193,0
65,809,65,0,0.731578947368421,1,5,1,111308,0.34545454545454546,0.5833333333333335,0.33898305084745806,0.3472222222222223,0,0.24314382972498993,0.2864863024510438,0.0,0
66,809,66,0,0.731578947368421,1,2,1,11608,0.12363636363636354,0.36904761904761907,0.38983050847457656,0.18055555555555558,0,0.18477357029631514,0.3290537842748247,0.456140350877193,0
67,809,67,0,0.731578947368421,1,2,1,11608,0.3272727272727274,0.7142857142857144,0.27118644067796627,0.38888888888888884,0,0.21435816961041976,0.3740230959462929,0.456140350877193,0
68,809,68,0,0.0,1,3,0,111108,0.13818181818181818,0.41666666666666696,0.30508474576271194,0.09722222222222221,1,0.16805745684535878,0.2910454459634728,0.456140350877193,0
69,809,69,0,0.0,1,3,0,111108,0.35272727272727256,0.75,0.4406779661016951,0.48611111111111116,0,0.24570957725384313,0.2960348141522253,0.456140350877193,0
70,809,70,0,0.0,1,5,1,111408,0.05090909090909079,0.7023809523809526,0.30508474576271194,0.25,0,0.05096317883995627,0.11999554299615944,0.456140350877193,0
71,809,71,0,0.0,1,3,1,111408,0.27636363636363637,0.6309523809523809,0.30508474576271194,0.33333333333333326,0,0.33107881435832875,0.552176348785312,0.456140350877193,0
72,809,72,0,0.0,1,6,1,111108,0.2727272727272727,0.48809523809523814,0.4067796610169494,0.23611111111111116,1,0.1397229390151029,0.14393336779257737,0.0,0
73,809,73,0,0.0,1,4,1,111108,0.49818181818181806,0.6904761904761902,0.42372881355932224,0.4027777777777777,0,0.11017808791988015,0.17294412959976846,0.456140350877193,0
74,809,74,0,0.0,1,4,1,11808,0.12363636363636354,0.5238095238095237,0.30508474576271194,0.2777777777777777,1,0.21349165843878537,0.26881613930613213,0.456140350877193,0
75,809,75,0,0.0,1,6,1,11808,0.38909090909090893,0.6428571428571428,0.38983050847457656,0.4305555555555556,0,0.13258018408195138,0.19458535936141175,0.456140350877193,0
76,809,76,0,1.0,1,2,1,11608,0.31999999999999984,0.4404761904761907,0.3220338983050848,0.2777777777777777,0,0.16701605351064197,0.3090560746795763,0.456140350877193,0
77,809,77,0,0.0,1,2,1,11608,0.18545454545454554,0.75,0.20338983050847492,0.33333333333333326,0,0.14372955947843957,0.17663044319331966,0.456140350877193,0
78,809,78,0,1.0,1,2,1,11908,0.14909090909090916,0.35714285714285743,0.25423728813559343,0.23611111111111116,1,0.03808078110019886,0.15621798462952796,0.456140350877193,0
79,809,79,0,1.0,1,3,1,11908,0.36363636363636376,0.7142857142857144,0.38983050847457656,0.36111111111111116,0,0.28323785811157776,0.3724724300265878,0.456140350877193,0
80,809,80,0,0.0,1,3,1,11208,0.09090909090909083,0.48809523809523814,0.2881355932203391,0.13888888888888884,1,0.013033440971510046,0.14851727243745572,0.456140350877193,0
81,809,81,0,0.0,1,3,1,11208,0.3927272727272726,0.535714285714286,0.4067796610169494,0.5555555555555556,0,0.1988186034383801,0.24398072345838706,0.456140350877193,0
82,809,82,0,1.0,1,2,1,11708,0.16727272727272724,0.6785714285714288,0.25423728813559343,0.3055555555555556,1,0.05022982420157751,0.23837851724148607,0.456140350877193,0
83,809,83,0,0.0,1,2,1,11708,0.10909090909090913,0.75,0.3559322033898309,0.41666666666666674,0,0.7826078488422934,0.17208987053022895,0.456140350877193,0
84,809,84,0,1.0,1,2,1,111708,0.18909090909090898,0.5595238095238098,0.3220338983050848,0.18055555555555558,1,0.1381210857941455,0.1964114928796281,0.456140350877193,0
85,809,85,0,1.0,1,3,1,111708,0.3345454545454545,0.8571428571428572,0.37288135593220373,0.23611111111111116,0,0.30137695779852125,0.2854308591803445,0.456140350877193,0
86,809,86,0,1.0,1,3,1,11808,0.1527272727272726,0.7619047619047619,0.30508474576271194,0.3055555555555556,0,0.18655230309129833,0.24645683670342677,0.456140350877193,0
87,809,87,0,1.0,1,2,1,11808,0.17454545454545456,0.6547619047619051,0.2881355932203391,0.2222222222222222,1,0.19064636963617643,0.28998071726810437,0.456140350877193,0
88,809,88,0,1.0,1,2,1,11808,0.22545454545454535,0.7261904761904763,0.2881355932203391,0.3472222222222223,0,0.28739154698477964,0.27682017537072134,0.456140350877193,0
89,809,89,0,1.0,1,2,1,11808,0.2472727272727271,0.6785714285714288,0.30508474576271194,0.25,1,0.14650398515642515,0.2805900577862932,0.456140350877193,0
90,809,90,0,1.0,1,1,1,111408,0.13090909090909109,0.5833333333333335,0.5084745762711869,0.23611111111111116,1,0.16557319316521446,0.2978547573873289,0.456140350877193,0
91,809,91,0,1.0,1,1,1,111408,0.3272727272727274,0.5952380952380953,0.5593220338983054,0.4444444444444444,0,0.22616339061846635,0.3667804647045534,0.456140350877193,0
92,809,92,0,1.0,1,2,1,11508,0.06909090909090909,0.4761904761904763,0.22033898305084776,0.19444444444444442,1,0.07604827977658313,0.10000711882558022,0.456140350877193,0
93,809,93,0,1.0,1,4,1,11508,0.2727272727272727,0.5952380952380953,0.2372881355932206,0.48611111111111116,0,0.17229859180010143,0.18399997523886746,0.456140350877193,0
94,809,94,0,1.0,1,3,1,111708,0.14909090909090916,0.5,0.25423728813559343,0.16666666666666663,1,0.2534008576075706,0.2222837811487306,0.456140350877193,0
95,809,95,0,1.0,1,1,1,111708,0.3163636363636362,0.6904761904761902,0.6101694915254239,0.4444444444444444,0,0.16889813167471956,0.1359169511617626,0.456140350877193,0
96,809,96,0,1.0,1,2,1,11808,0.21818181818181825,0.6547619047619051,0.30508474576271194,0.2777777777777777,1,0.09352159679724736,0.16022928808649084,0.456140350877193,0
97,809,97,0,1.0,1,3,1,11808,0.2981818181818181,0.6428571428571428,0.4067796610169494,0.45833333333333326,0,0.15151822296842887,0.31168694500243,0.456140350877193,0
98,809,98,0,1.0,1,2,1,111008,0.036363636363636376,0.35714285714285743,0.10169491525423746,0.05555555555555558,1,0.2802209682984105,0.26642669002466945,0.456140350877193,0
99,809,99,0,1.0,1,3,1,111008,0.4036363636363638,0.6428571428571428,0.33898305084745806,0.38888888888888884,0,0.265925521377387,0.30386552228966224,0.456140350877193,0
100,910,100,0,1.0,1,2,1,11909,0.10545454545454547,0.5714285714285712,0.33898305084745806,0.2847222222222223,1,0.2409358161660775,0.22841835171331581,0.456140350877193,0
101,910,101,0,0.731578947368421,1,1,1,11909,0.3236363636363635,0.8214285714285716,0.5254237288135597,0.5625,0,0.2739824853448316,0.1973740819036376,0.456140350877193,0
102,910,102,0,0.731578947368421,1,2,1,111509,0.20363636363636362,0.34523809523809534,0.1864406779661021,0.10416666666666663,1,0.3145872783440573,0.2455190088118684,0.0,0
103,910,103,0,0.731578947368421,1,3,1,111509,0.20727272727272705,0.8214285714285716,0.30508474576271194,0.4305555555555556,0,0.37504233185310953,0.41058600315085414,0.456140350877193,0
104,910,104,0,0.731578947368421,1,1,1,111509,0.2109090909090907,0.6547619047619051,0.3559322033898309,0.0625,1,0.27708880865048435,0.35709267163333713,0.456140350877193,0
105,910,105,0,0.731578947368421,1,1,1,111509,0.27636363636363637,0.6904761904761902,0.20338983050847492,0.23611111111111116,0,0.24341610502433375,0.37651158975755816,0.456140350877193,0
106,910,106,0,0.731578947368421,1,3,1,111509,0.23636363636363633,0.48809523809523814,0.4576271186440679,0.29166666666666674,1,0.22676756354547756,0.16367418063865102,0.456140350877193,0
107,910,107,0,0.731578947368421,1,1,1,111509,0.22181818181818191,0.8214285714285716,0.30508474576271194,0.33333333333333326,0,0.3895822303202592,0.4059061491177305,0.456140350877193,0
108,910,108,0,0.731578947368421,1,2,1,112009,0.21818181818181825,0.4642857142857144,0.15254237288135597,0.13194444444444442,1,0.42990083614353236,0.5400062521859441,0.456140350877193,0
109,910,109,0,0.731578947368421,1,2,1,112009,0.4036363636363638,0.7023809523809526,0.42372881355932224,0.5763888888888888,0,0.3349085552476392,0.48495606446560924,0.456140350877193,0
110,910,110,0,0.731578947368421,1,1,1,111209,0.21818181818181825,0.4047619047619049,0.4406779661016951,0.3125,0,0.16044567292939615,0.13708691467004286,0.456140350877193,0
111,910,111,0,0.731578947368421,1,5,1,111209,0.49090909090909096,0.8571428571428572,0.3220338983050848,0.5277777777777777,0,0.7192157994400272,0.2133945345990398,0.456140350877193,0
112,910,112,0,0.731578947368421,1,3,1,111509,0.27636363636363637,0.5476190476190474,0.3559322033898309,0.13888888888888884,1,0.27711861981464603,0.29605338500156364,0.456140350877193,0
113,910,113,0,0.731578947368421,1,2,1,111509,0.3672727272727274,0.7619047619047619,0.42372881355932224,0.4375,0,0.23245950848942454,0.18767700340775129,0.456140350877193,0
114,910,114,0,0.731578947368421,1,4,1,111709,0.2727272727272727,0.9047619047619047,0.3220338983050848,0.33333333333333326,1,0.234011676436779,0.07086636107302446,0.0,0
115,910,115,0,0.731578947368421,1,5,1,111709,0.3854545454545455,0.6190476190476191,0.4067796610169494,0.3819444444444444,0,0.25481390678883664,0.18520089016271335,0.456140350877193,0
116,910,116,0,0.0,1,4,1,111809,0.23636363636363633,0.4642857142857144,0.27118644067796627,0.05555555555555558,0,0.30765320156003817,0.38562368649930256,0.456140350877193,0
117,910,117,0,0.0,1,2,1,111809,0.18909090909090898,0.8809523809523809,0.4576271186440679,0.29861111111111116,0,0.37050308525674946,0.20172894607335046,0.456140350877193,0
118,910,118,0,0.0,1,3,1,112209,0.13090909090909109,0.4642857142857144,0.2881355932203391,0.18055555555555558,1,0.26475493633130287,0.9642758761571963,0.0,0
119,910,119,0,0.0,1,3,1,112209,0.3272727272727274,0.6547619047619051,0.2881355932203391,0.17361111111111116,0,0.33598573197935,0.28433517906941574,0.456140350877193,0
120,910,120,0,0.0,1,2,0,111709,0.14909090909090916,0.48809523809523814,0.25423728813559343,0.125,1,0.28037598635205163,0.2550706156546081,0.456140350877193,0
121,910,121,0,1.0,1,3,0,111709,0.20363636363636362,0.7976190476190479,0.4406779661016951,0.2222222222222222,0,0.2938307584437141,0.18351403801452904,0.456140350877193,0
122,910,122,0,0.0,1,6,1,111609,0.29454545454545467,0.4642857142857144,0.06779661016949179,0.20833333333333337,1,0.33289530796125,0.4358423582502553,0.456140350877193,0
123,910,123,0,0.0,1,5,1,111609,0.33818181818181814,0.6428571428571428,0.5084745762711869,0.32638888888888884,0,0.39001349849513267,0.4928486754341712,0.0,0
124,910,124,0,0.0,1,7,1,111809,0.11272727272727279,0.3333333333333335,0.2372881355932206,0.09722222222222221,1,0.2354048515086038,0.3294932943758191,0.456140350877193,0
125,910,125,0,0.0,1,4,1,111809,0.3090909090909091,0.7023809523809526,0.4576271186440679,0.36111111111111116,0,0.31662834938366413,0.43650162340174603,0.456140350877193,0
126,910,126,0,0.0,1,3,1,112109,0.24363636363636343,0.535714285714286,0.3220338983050848,0.1597222222222222,0,0.24818390387926703,0.3470056053013586,0.456140350877193,0
127,910,127,0,0.0,1,2,1,112109,0.3418181818181818,0.6190476190476191,0.38983050847457656,0.4444444444444444,0,0.17756721821295196,0.30766945126235434,0.456140350877193,0
128,910,128,0,0.0,1,5,1,111809,0.25090909090909097,0.4761904761904763,0.3220338983050848,0.09722222222222221,1,0.3096604866135948,0.39658667789171353,0.456140350877193,0
129,910,129,0,0.0,1,11,1,111809,0.4363636363636363,0.5833333333333335,0.6440677966101696,0.36111111111111116,0,0.2931073408600562,0.31103387013405204,0.456140350877193,0
130,910,130,0,0.0,1,3,0,112309,0.23272727272727267,0.5714285714285712,0.30508474576271194,0.17361111111111116,1,0.26877745608219294,0.44538467966832496,0.456140350877193,0
131,910,131,0,0.0,1,5,0,112309,0.3999999999999999,0.7261904761904763,0.42372881355932224,0.2222222222222222,0,0.773547043606976,0.2720443719493506,0.456140350877193,0
132,910,132,0,1.0,1,2,1,111009,0.17090909090909068,0.6428571428571428,0.3559322033898309,0.2222222222222222,1,0.26926437176350126,0.44634107840922166,0.456140350877193,0
133,910,133,0,1.0,1,2,1,111009,0.1963636363636363,0.6428571428571428,0.4576271186440679,0.4930555555555556,0,0.18579907434347875,0.16269921104841778,0.456140350877193,0
134,910,134,0,1.0,1,1,1,111309,0.21818181818181825,0.535714285714286,0.25423728813559343,0.20138888888888884,1,0.2155943392176598,0.3834973242501256,0.456140350877193,0
135,910,135,0,1.0,1,1,1,111309,0.3272727272727274,0.5238095238095237,0.30508474576271194,0.33333333333333326,0,0.2606390082660395,0.2937629802499018,0.456140350877193,0
136,910,136,0,1.0,1,1,1,111609,0.1272727272727272,0.5238095238095237,0.3220338983050848,0.13194444444444442,1,0.22410840770225104,0.32238375422100063,0.0,0
137,910,137,0,1.0,1,1,1,111609,0.29454545454545467,0.8333333333333335,0.47457627118644075,0.35416666666666674,0,0.2638844503377804,0.2143478381983801,0.456140350877193,0
138,910,138,0,1.0,1,1,0,111609,0.17818181818181822,0.4047619047619049,0.22033898305084776,0.19444444444444442,1,0.1956228466402421,0.29352155920851075,0.456140350877193,0
140,910,140,0,1.0,1,1,1,111409,0.29454545454545467,0.4761904761904763,0.3559322033898309,0.19444444444444442,1,0.32909537823610124,0.4546082015060966,0.456140350877193,0
141,910,141,0,1.0,1,2,1,111409,0.3090909090909091,0.48809523809523814,0.25423728813559343,0.2152777777777778,0,0.31835938431598887,0.3104581738045802,0.456140350877193,0
142,910,142,0,1.0,1,2,1,111609,0.0,0.2857142857142858,0.27118644067796627,0.09722222222222221,1,0.23166653152272243,0.1262167775243217,0.456140350877193,0
143,910,143,0,1.0,1,1,1,111609,0.31272727272727274,0.4642857142857144,0.30508474576271194,0.2847222222222223,0,0.28311463863304276,0.3786131908742849,0.456140350877193,0
144,910,144,0,1.0,1,1,1,111609,0.18909090909090898,0.4404761904761907,0.33898305084745806,0.08333333333333337,1,0.28541009827349617,0.361051357683845,0.456140350877193,0
145,910,145,0,1.0,1,2,1,111609,0.25090909090909097,0.6666666666666665,0.22033898305084776,0.26388888888888884,0,0.3156266942678301,0.30459907083850446,0.456140350877193,0
146,910,146,0,1.0,1,2,1,111309,0.2581818181818183,0.6547619047619051,0.30508474576271194,0.4305555555555556,0,0.2937115137870674,0.37855128804315896,0.456140350877193,0
147,910,147,0,1.0,1,2,1,111309,0.16363636363636358,0.6309523809523809,0.20338983050847492,0.2152777777777778,1,0.20971955246685403,0.3676842460389933,0.456140350877193,0
148,910,148,0,1.0,1,1,1,111709,0.14181818181818184,0.5595238095238098,0.38983050847457656,0.20833333333333337,0,0.2605734237048838,0.3796655390034269,0.456140350877193,0
149,910,149,0,1.0,1,1,1,111709,0.20727272727272705,0.5952380952380953,0.3559322033898309,0.29166666666666674,0,0.26693512613699766,0.3044350283360213,0.456140350877193,0
150,910,150,0,1.0,1,3,1,111709,0.14181818181818184,0.4761904761904763,0.25423728813559343,0.2777777777777777,1,0.2588503384163354,0.2933358507151329,0.456140350877193,0
151,910,151,0,1.0,1,4,1,111709,0.3418181818181818,0.6428571428571428,0.4915254237288136,0.36111111111111116,0,0.25124849155509343,0.29368869685255206,0.456140350877193,0
152,708,152,0,1.0,1,4,0,111907,0.5236363636363637,0.5714285714285712,0.33898305084745806,0.2222222222222222,1,0.27965853100122606,0.8407178252297367,0.0,1
153,708,153,0,1.0,1,5,0,111907,0.6509090909090909,0.7619047619047619,0.4067796610169494,0.33333333333333326,0,0.2560759127383503,0.861260279738894,0.456140350877193,1
154,708,154,0,1.0,1,3,1,112607,0.698181818181818,0.7261904761904763,0.3559322033898309,0.26388888888888884,0,0.3296280043691242,0.7003810119255798,0.456140350877193,1
155,708,155,0,1.0,1,3,1,112607,0.48363636363636364,0.6666666666666665,0.27118644067796627,0.22916666666666663,1,0.20168445001979451,0.740162866348693,0.456140350877193,1
156,708,156,0,1.0,1,3,1,112107,0.749090909090909,0.7976190476190479,0.42372881355932224,0.2847222222222223,0,0.2731139867622532,0.7427937366715458,0.456140350877193,1
157,708,157,0,1.0,1,3,1,112107,0.4763636363636363,0.5595238095238098,0.4406779661016951,0.3472222222222223,1,0.24986127871610053,0.7812787267825687,0.456140350877193,1
158,708,158,0,1.0,1,2,1,112807,0.509090909090909,0.6071428571428572,0.10169491525423746,0.1527777777777778,1,0.24334654564129,0.7620548025763965,0.456140350877193,1
159,708,159,0,1.0,1,3,1,112807,0.698181818181818,0.6071428571428572,0.42372881355932224,0.29166666666666674,0,0.19969703907567893,0.6741063552541577,0.456140350877193,1
160,708,160,0,1.0,1,6,1,112107,0.5054545454545454,0.6904761904761902,0.38983050847457656,0.4027777777777777,1,0.1668491109913366,0.8438129667860359,0.456140350877193,1
161,708,161,0,1.0,1,5,1,112107,0.698181818181818,0.8095238095238093,0.4406779661016951,0.2777777777777777,1,0.23125712486823446,0.8225833908513804,0.456140350877193,1
162,708,162,0,1.0,1,1,1,112807,0.5272727272727273,0.5595238095238098,0.3559322033898309,0.3055555555555556,1,0.2620262211050324,0.7488911655374553,0.456140350877193,1
163,708,163,0,1.0,1,4,1,112807,0.7127272727272729,0.8571428571428572,0.37288135593220373,0.29861111111111116,0,0.20972551469968614,0.8143410288869566,0.456140350877193,1
164,708,164,0,1.0,1,7,1,112607,0.5418181818181818,0.5,0.22033898305084776,0.2777777777777777,1,0.2162640967058267,0.6850414903725621,0.456140350877193,1
165,708,165,0,1.0,1,2,1,112607,0.7236363636363636,0.5952380952380953,0.4915254237288136,0.375,0,0.2764687364359204,0.8137777131237094,0.456140350877193,1
166,708,166,0,1.0,1,4,1,112207,0.5018181818181817,0.4761904761904763,0.30508474576271194,0.24305555555555558,1,0.29623751309703805,0.6556438358708334,0.456140350877193,1
167,708,167,0,1.0,1,3,1,112207,0.669090909090909,0.7738095238095242,0.4915254237288136,0.375,1,0.43200351692240657,0.7085212342186473,0.456140350877193,1
168,708,168,0,1.0,1,5,0,113007,0.6618181818181816,0.8214285714285716,0.42372881355932224,0.16666666666666663,0,0.4745917460438598,0.7649642356393169,0.456140350877193,1
169,708,169,0,1.0,1,2,0,113007,0.9418181818181817,0.5595238095238098,0.15254237288135597,0.2777777777777777,1,0.3004210131344014,0.7547812199190931,0.456140350877193,1
170,708,170,0,1.0,1,5,1,113007,0.5199999999999998,0.6547619047619051,0.30508474576271194,0.20833333333333337,1,0.335643897296962,0.7356903867998401,0.456140350877193,1
171,708,171,0,1.0,1,11,1,113007,0.6218181818181818,0.6071428571428572,0.38983050847457656,0.4722222222222223,0,0.32581217535642226,0.7351549273106004,0.0,1
172,708,172,0,1.0,1,3,1,12307,0.3745454545454545,0.5,0.15254237288135597,0.25,1,0.34167171469046487,0.7213660716772887,0.456140350877193,1
173,708,173,0,1.0,1,5,1,12307,0.5963636363636362,0.5238095238095237,0.3220338983050848,0.19444444444444442,0,0.35663294427776693,0.8526465007877126,0.456140350877193,1
174,708,174,0,1.0,1,3,0,112807,0.4036363636363638,0.41666666666666696,0.25423728813559343,0.05555555555555558,1,0.34222421493292887,0.62109896096098,0.456140350877193,1
175,708,175,0,1.0,1,4,0,112807,0.6727272727272726,0.75,0.3559322033898309,0.3055555555555556,0,0.3277896492458172,0.6336373794055472,0.456140350877193,1
176,708,176,0,1.0,1,2,0,112807,0.530909090909091,0.5714285714285712,0.38983050847457656,0.16666666666666663,1,0.41919266597663785,0.750222076406664,0.456140350877193,1
177,708,177,0,1.0,1,1,0,112807,0.7236363636363636,0.7023809523809526,0.42372881355932224,0.4027777777777777,0,0.34497280426864085,0.7883696960880506,0.456140350877193,1
178,809,178,0,1.0,1,4,0,112508,0.669090909090909,0.6309523809523809,0.47457627118644075,0.19444444444444442,1,0.25989372916199627,0.9682747990479337,0.456140350877193,1
179,809,179,0,1.0,1,5,0,112508,0.6327272727272726,0.7023809523809526,0.47457627118644075,0.3055555555555556,0,0.39719202682527777,0.8269289695964241,0.456140350877193,1
180,809,180,0,1.0,1,3,1,111408,0.5199999999999998,0.5595238095238098,0.3220338983050848,0.2777777777777777,1,0.3461056285067865,0.7705602515731051,0.456140350877193,1
181,809,181,0,1.0,1,3,1,111408,0.7527272727272725,0.8214285714285716,0.5593220338983054,0.5138888888888888,0,0.32187511427612936,0.718741391637546,0.456140350877193,1
182,809,182,0,1.0,1,4,1,112408,0.31999999999999984,0.41666666666666696,0.25423728813559343,0.13888888888888884,1,0.28864759070146073,0.7643483024696138,0.456140350877193,1
183,809,183,0,1.0,1,2,1,112408,0.8036363636363637,0.916666666666667,0.4915254237288136,0.4444444444444444,1,0.36978364249497964,0.7485847465233828,0.456140350877193,1
184,809,184,0,1.0,1,1,1,112408,0.3781818181818182,0.4285714285714286,0.25423728813559343,0.18055555555555558,1,0.9031757236958216,0.794395936698165,0.456140350877193,1
185,809,185,0,1.0,1,1,1,112408,0.6872727272727273,0.6785714285714288,0.5254237288135597,0.38888888888888884,0,0.31793805319583646,0.8807906229591405,0.456140350877193,1
186,809,186,0,1.0,1,5,1,112508,0.6400000000000001,0.6547619047619051,0.38983050847457656,0.25,0,0.42185977146364095,0.8377186330616837,0.456140350877193,1
187,809,187,0,1.0,1,4,1,112508,0.56,0.4404761904761907,0.4576271186440679,0.33333333333333326,1,0.2873895595738356,0.5797323940610433,0.456140350877193,1
188,809,188,0,1.0,1,7,1,111408,0.5636363636363637,0.6190476190476191,0.38983050847457656,0.3194444444444444,1,0.23904976318011184,0.730437931578801,0.456140350877193,1
189,809,189,0,1.0,1,2,1,111408,0.7236363636363636,0.9047619047619047,0.6440677966101696,0.5833333333333333,0,0.3575869015309423,0.7224493712219928,0.456140350877193,1
190,809,190,0,1.0,1,5,0,112408,0.5381818181818181,0.41666666666666696,0.33898305084745806,0.0,1,0.43200152951146253,0.7060605966813895,0.456140350877193,1
191,809,191,0,1.0,1,11,0,112408,0.7781818181818181,0.8095238095238093,0.5593220338983054,0.5,0,0.4756351367895204,0.6531924837582448,0.456140350877193,1
192,809,192,0,1.0,1,1,1,112408,0.6145454545454545,0.7619047619047619,0.6440677966101696,0.3472222222222223,0,0.37769155064161564,0.7273180288900516,0.456140350877193,1
193,809,193,0,1.0,1,2,1,112408,0.5127272727272727,0.5238095238095237,0.25423728813559343,0.26388888888888884,1,0.3945288961601632,0.7294196300067783,0.456140350877193,1
194,809,194,0,1.0,1,3,1,111408,0.6836363636363636,0.7142857142857144,0.4067796610169494,0.23611111111111116,0,0.47529330210713283,0.6662601714089398,0.456140350877193,1
195,809,195,0,1.0,1,5,1,111408,0.4872727272727273,0.4642857142857144,0.4067796610169494,0.2222222222222222,1,0.34436465651974113,0.7291998749562802,0.456140350877193,1
196,910,196,0,1.0,1,3,1,111709,0.6836363636363636,0.5714285714285712,0.4067796610169494,0.27083333333333326,1,0.3586561286188765,0.8830067443134517,0.0,1
197,910,197,0,1.0,1,1,1,111709,0.6799999999999999,0.6428571428571428,0.4915254237288136,0.48611111111111116,0,0.3629151502721164,0.8241711984697622,0.456140350877193,1
198,910,198,0,1.0,1,2,1,112709,0.6545454545454545,0.5714285714285712,0.30508474576271194,0.19444444444444442,1,0.364886661928679,0.792767892239552,0.456140350877193,1
199,910,199,0,1.0,1,2,1,112709,0.6145454545454545,0.7738095238095242,0.6779661016949157,0.4444444444444444,0,0.33958692061008744,0.7944145075475033,0.0,1
200,910,200,0,1.0,1,3,1,112309,0.7054545454545453,0.6666666666666665,0.25423728813559343,0.1527777777777778,0,0.4088700535329013,0.8009978736377503,0.456140350877193,1
201,910,201,0,1.0,1,2,1,112309,0.6436363636363636,0.5,0.4406779661016951,0.27083333333333326,1,0.3357710915973855,0.8056405859721991,0.456140350877193,1
202,910,202,0,1.0,1,3,1,112109,0.5818181818181818,0.3928571428571428,0.4576271186440679,0.17361111111111116,1,0.3651052771325318,0.7844667225855568,0.0,1
203,910,203,0,1.0,1,1,1,112109,0.7018181818181817,0.7023809523809526,0.4915254237288136,0.3472222222222223,0,0.3588508948914,0.8222305447139622,0.456140350877193,1
204,910,204,0,1.0,1,1,1,112309,0.4945454545454546,0.5,0.3559322033898309,0.25,1,0.354315623116928,0.6851219640530264,0.456140350877193,1
205,910,205,0,1.0,1,4,1,112309,0.6763636363636365,0.7857142857142856,0.5254237288135597,0.375,0,0.45811213449525323,0.7514632281707403,0.456140350877193,1
206,910,206,0,1.0,1,1,1,112709,0.3781818181818182,0.5,0.25423728813559343,0.18055555555555558,1,0.3841943592507622,0.745842451104501,0.456140350877193,1
207,910,207,0,1.0,1,1,1,112709,0.730909090909091,0.6785714285714288,0.42372881355932224,0.20833333333333337,0,0.4259180646115248,0.7594641690937731,0.456140350877193,1
208,910,208,0,1.0,1,1,1,112109,0.4763636363636363,0.41666666666666696,0.3220338983050848,0.1527777777777778,1,0.39576705317834726,0.6898141986523747,0.0,1
209,910,209,0,1.0,1,2,1,112109,0.6254545454545453,0.8095238095238093,0.5254237288135597,0.375,0,0.4483380474720928,0.7500796998950747,0.456140350877193,1
210,910,210,0,1.0,1,4,1,112109,0.6581818181818182,0.6785714285714288,0.5084745762711869,0.3055555555555556,0,0.4198842849851898,0.8092371404606187,0.456140350877193,1
211,910,211,0,1.0,1,4,1,112109,0.49090909090909096,0.75,0.37288135593220373,0.22916666666666663,1,0.36521657214540193,0.730663876912411,0.456140350877193,1
212,910,212,0,1.0,1,3,1,112709,0.72,0.7619047619047619,0.5762711864406782,0.3472222222222223,0,0.0,1.0,0.456140350877193,1
213,910,213,0,1.0,1,1,1,112709,0.5345454545454544,0.4047619047619049,0.2881355932203391,0.26388888888888884,1,0.4011410123712358,0.7852405079746321,0.456140350877193,1
214,910,214,0,1.0,1,3,1,111909,0.4945454545454546,0.4642857142857144,0.38983050847457656,0.26388888888888884,1,0.32493175230817917,0.8355087019904852,0.456140350877193,1
215,910,215,0,1.0,1,1,1,111909,0.8618181818181816,0.7976190476190479,0.593220338983051,0.36111111111111116,0,0.41188098111323646,0.7687093569224395,0.456140350877193,1
216,910,216,0,1.0,1,2,0,112109,0.41454545454545455,0.5952380952380953,0.5084745762711869,0.19444444444444442,1,0.34658061972243015,0.8081445554912445,0.456140350877193,1
217,910,217,0,1.0,1,2,0,112109,0.6363636363636365,0.6071428571428572,0.3559322033898309,0.29861111111111116,0,0.36361670633538923,0.7157174383370419,0.456140350877193,1
218,910,218,0,1.0,1,2,1,112109,0.6799999999999999,0.7023809523809526,0.6440677966101696,0.38888888888888884,0,0.46669178754100016,0.7215177336135472,0.456140350877193,1
219,910,219,0,1.0,1,1,1,112109,0.6581818181818182,0.6666666666666665,0.4406779661016951,0.29861111111111116,1,0.3499532560945946,0.8561130593307684,0.456140350877193,1
220,708,220,0,0.731578947368421,1,2,1,112707,0.509090909090909,0.011904761904761862,0.6610169491525424,0.5,1,0.07170578686369078,0.465707379126985,0.456140350877193,2
221,708,221,0,0.731578947368421,1,2,1,112707,0.6509090909090909,0.38095238095238115,0.9830508474576272,0.8333333333333333,0,0.10242321041594127,0.5029140757752559,0.456140350877193,2
222,708,222,0,0.731578947368421,1,3,1,112707,0.6036363636363637,0.11904761904761907,0.6440677966101696,0.48611111111111116,0,0.10232185245779135,0.48185782776775365,0.456140350877193,2
223,708,223,0,0.731578947368421,1,2,1,112707,0.6509090909090909,0.25,0.7796610169491527,0.8333333333333333,0,0.12385545003728371,0.5007289058365094,0.456140350877193,2
224,708,224,0,0.731578947368421,1,2,1,111807,0.5636363636363637,0.16666666666666674,0.7288135593220342,0.75,0,0.11970176116408227,0.45621767511537126,0.456140350877193,2
225,708,225,0,0.731578947368421,1,1,1,111807,0.5236363636363637,0.04761904761904767,0.6440677966101696,0.5138888888888888,1,0.0721628913808372,0.5231563015534517,0.456140350877193,2
226,708,226,0,0.731578947368421,1,5,1,112707,0.48363636363636364,0.1785714285714286,0.6610169491525424,0.5833333333333333,1,0.1218183538195654,0.47996979141841134,0.0,2
227,708,227,0,0.731578947368421,1,3,1,112707,0.530909090909091,0.2619047619047621,0.7966101694915255,0.6944444444444444,0,0.1181575428605044,0.49241845075784507,0.456140350877193,2
228,708,228,0,0.731578947368421,1,6,1,112707,0.40727272727272723,0.03571428571428581,0.6271186440677967,0.4722222222222223,1,0.10021122203514077,0.5251774289897151,0.456140350877193,2
229,708,229,0,0.731578947368421,1,4,1,112707,0.5345454545454544,0.27380952380952395,0.7288135593220342,0.6805555555555556,0,0.10551164702309679,0.507098707159372,0.456140350877193,2
230,708,230,0,0.731578947368421,1,4,0,112707,0.31999999999999984,0.0714285714285714,0.7118644067796613,0.5416666666666667,1,0.11200849339941077,0.5030347862959514,0.456140350877193,2
231,708,231,0,0.731578947368421,1,3,0,112707,0.6145454545454545,0.35714285714285743,0.745762711864407,0.7916666666666667,0,0.09379983432942374,0.4682701563356,0.456140350877193,2
232,708,232,0,0.731578947368421,1,2,1,112907,0.4872727272727273,0.0714285714285714,0.7118644067796613,0.5416666666666667,0,0.02872206296435853,0.49576120363864895,0.456140350877193,2
233,708,233,0,0.731578947368421,1,2,1,112907,0.5927272727272725,0.1785714285714286,0.6949152542372885,0.875,0,0.03748257040602021,0.4761225304639307,0.456140350877193,2
234,708,234,0,0.731578947368421,1,2,1,12307,0.49818181818181806,0.1785714285714286,0.6440677966101696,0.41666666666666674,1,0.033265284382606675,0.4309551297328582,0.0,2
235,708,235,0,0.731578947368421,1,3,1,12307,0.6254545454545453,0.30952380952380953,0.7627118644067798,0.875,0,0.08728112643272445,0.462355340821512,0.456140350877193,2
236,708,236,0,0.731578947368421,1,3,1,112707,0.3599999999999999,0.04761904761904767,0.6440677966101696,0.4027777777777777,1,0.001319640866892735,0.4618786890218427,0.456140350877193,2
237,708,237,0,0.731578947368421,1,3,1,112707,0.6218181818181818,0.25,0.8305084745762712,1.0,0,0.12750433653067983,0.6242436247821797,0.456140350877193,2
238,708,238,0,0.731578947368421,1,2,1,112707,0.5127272727272727,0.16666666666666674,0.6271186440677967,0.5833333333333333,1,0.04141168184253652,0.5074639338630149,0.456140350877193,2
239,708,239,0,0.731578947368421,1,2,1,112707,0.6036363636363637,0.23809523809523814,0.8474576271186445,0.7361111111111112,0,0.541009628608542,0.5022393349159833,0.456140350877193,2
240,708,240,0,0.731578947368421,1,2,1,112707,0.6581818181818182,0.14285714285714302,0.7796610169491527,0.8333333333333333,0,0.05246764892465183,0.5079374905211296,0.456140350877193,2
241,708,241,0,0.731578947368421,1,3,1,112707,0.47272727272727266,0.16666666666666674,0.7288135593220342,0.6388888888888888,1,0.0,0.48062905656990296,0.456140350877193,2
242,708,242,0,0.731578947368421,1,3,1,112707,0.5236363636363637,0.16666666666666674,0.6949152542372885,0.4722222222222223,1,0.05408937625504984,0.5026014664780698,0.456140350877193,2
243,708,243,0,0.731578947368421,1,2,1,112707,0.5163636363636361,0.3214285714285716,0.7288135593220342,0.6527777777777777,0,0.05515264111015172,0.5066653873414904,0.456140350877193,2
244,708,244,0,0.731578947368421,1,2,1,112907,0.3927272727272726,0.0,0.7288135593220342,0.6388888888888888,1,0.010549177291365508,0.5034959623878406,0.456140350877193,2
245,708,245,0,0.731578947368421,1,2,1,112907,0.509090909090909,0.23809523809523814,0.7288135593220342,0.6666666666666667,0,0.04076776069664301,0.4922141714151298,0.456140350877193,2
246,708,246,0,0.731578947368421,1,2,1,112907,0.4509090909090909,0.14285714285714302,0.745762711864407,0.38888888888888884,0,0.06638151294440497,0.41018982503164914,0.456140350877193,2
247,708,247,0,1.0,1,4,1,112907,0.5709090909090908,0.22619047619047628,0.7288135593220342,0.8194444444444444,0,0.0579091800896403,0.47501446978677553,0.456140350877193,2
248,708,248,0,0.731578947368421,1,2,1,112907,0.5854545454545454,0.14285714285714302,0.6440677966101696,0.5277777777777777,1,0.01122887183425303,0.467499466088082,0.456140350877193,2
249,708,249,0,0.731578947368421,1,2,1,112907,0.6509090909090909,0.2619047619047621,0.8135593220338984,0.7916666666666667,0,0.1337428194842587,0.565906396729055,0.456140350877193,2
250,708,250,0,0.731578947368421,1,2,1,112907,0.5527272727272725,0.2619047619047621,0.8474576271186445,0.7083333333333333,0,0.0,0.0,0.456140350877193,2
251,708,251,0,0.731578947368421,1,3,1,112907,0.38909090909090893,0.13095238095238093,0.6271186440677967,0.5555555555555556,1,0.00046107933903494214,0.4813780808265262,0.456140350877193,2
252,708,252,0,0.731578947368421,1,3,1,12307,0.47272727272727266,0.16666666666666674,0.593220338983051,0.6527777777777777,0,0.5433788211950223,0.4583471325061046,0.456140350877193,2
253,708,253,0,0.731578947368421,1,4,1,12307,0.9999999999999998,0.4642857142857144,0.9830508474576272,0.9305555555555556,0,0.027074499291686704,0.41364709815003486,0.456140350877193,2
254,809,254,0,0.731578947368421,1,2,1,111308,0.6181818181818182,0.20238095238095255,0.8135593220338984,0.6805555555555556,1,0.05271408788172183,0.11900509769814427,0.456140350877193,2
255,809,255,0,0.731578947368421,1,2,1,111308,0.5927272727272725,0.38095238095238115,0.8135593220338984,0.75,0,0.08036891116909062,0.0486772912559168,0.456140350877193,2
256,809,256,0,0.731578947368421,1,2,1,11208,0.38181818181818183,0.0714285714285714,0.6949152542372885,0.625,1,0.06700555998085722,0.09559654210785418,0.456140350877193,2
257,809,257,0,0.731578947368421,1,3,1,11208,0.44727272727272727,0.5,0.7966101694915255,0.7083333333333333,0,0.10041592536238464,0.07044851696292476,0.456140350877193,2
258,809,258,0,0.731578947368421,1,2,1,11908,0.4327272727272726,0.059523809523809534,0.6101694915254239,0.45833333333333326,1,0.07703006078297636,0.10382033322294149,0.456140350877193,2
259,809,259,0,0.731578947368421,1,2,1,11908,0.6036363636363637,0.30952380952380953,0.6101694915254239,0.7361111111111112,0,0.10246295863482358,0.05369451571867678,0.456140350877193,2
260,809,260,0,0.731578947368421,1,1,0,11408,0.3854545454545455,0.0714285714285714,0.6101694915254239,0.3472222222222223,1,0.1020475897475035,0.13119376514684866,0.456140350877193,2
261,809,261,0,0.731578947368421,1,4,0,11408,0.6363636363636365,0.34523809523809534,0.898305084745763,0.8333333333333333,0,0.14926251154685777,0.05441877884285162,0.0,2
262,809,262,0,0.731578947368421,1,1,1,11408,0.47999999999999976,0.0714285714285714,0.6440677966101696,0.4444444444444444,1,0.14785343718747979,0.08995409905072016,0.456140350877193,2
263,809,263,0,0.731578947368421,1,2,1,11408,0.6363636363636365,0.22619047619047628,0.745762711864407,0.5694444444444444,0,0.12585876026895226,0.07695759965582027,0.456140350877193,2
264,809,264,0,0.731578947368421,1,4,1,11308,0.669090909090909,0.3333333333333335,0.8474576271186445,0.7916666666666667,0,0.1662946233379281,0.12819457297879566,0.0,2
265,809,265,0,0.731578947368421,1,2,1,11308,0.4181818181818182,0.09523809523809534,0.7627118644067798,0.6111111111111112,1,0.12703729495881277,0.07491480622866398,0.456140350877193,2
266,809,266,0,0.731578947368421,1,2,0,11908,0.4872727272727273,0.09523809523809534,0.6440677966101696,0.41666666666666674,1,0.16815285257067614,0.12400994159468048,0.456140350877193,2
267,809,267,0,0.731578947368421,1,4,0,11908,0.669090909090909,0.3333333333333335,0.898305084745763,0.75,0,0.20387457688020993,0.13701882155580414,0.456140350877193,2
268,809,268,0,0.731578947368421,1,2,1,11208,0.46545454545454534,0.023809523809523947,0.6949152542372885,0.6666666666666667,1,0.16286236463744053,0.03779167840241371,0.456140350877193,2
269,809,269,0,1.0,1,2,1,11208,0.4763636363636363,0.3214285714285716,0.7288135593220342,0.7222222222222223,0,0.18412964915042163,0.10540504569976505,0.456140350877193,2
270,809,270,0,0.731578947368421,1,4,1,11408,0.5272727272727273,0.13095238095238093,0.6440677966101696,0.5972222222222223,1,0.14919295216381356,0.047980884405749435,0.456140350877193,2
271,809,271,0,0.731578947368421,1,4,1,11408,0.5963636363636362,0.11904761904761907,0.8135593220338984,0.7222222222222223,0,0.15232908663362776,0.0696283044505055,0.456140350877193,2
272,809,272,0,0.731578947368421,1,3,1,11408,0.47272727272727266,0.15476190476190488,0.6440677966101696,0.4722222222222223,1,0.17634496048232084,0.0,0.456140350877193,2
273,809,273,0,0.731578947368421,1,2,1,11408,0.6545454545454545,0.22619047619047628,0.898305084745763,0.6388888888888888,0,0.17277159560480104,0.1251675245367352,0.456140350877193,2
274,809,274,0,0.731578947368421,1,2,1,11408,0.5236363636363637,0.15476190476190488,0.7627118644067798,0.6111111111111112,1,0.17006076707702733,0.058337228053126466,0.0,2
275,809,275,0,0.731578947368421,1,2,1,11408,0.469090909090909,0.27380952380952395,0.8135593220338984,0.6527777777777777,0,0.19927372054458248,0.08119484844639402,0.456140350877193,2
276,809,276,0,1.0,1,3,1,11308,0.4254545454545453,0.09523809523809534,0.6101694915254239,0.4444444444444444,1,0.18900079337444886,0.053976173600300825,0.456140350877193,2
277,809,277,0,0.731578947368421,1,2,1,11308,0.4872727272727273,0.22619047619047628,0.8135593220338984,0.6388888888888888,0,0.19950426021409973,0.08345739692405019,0.0,2
278,809,278,0,0.731578947368421,1,3,1,11608,0.4036363636363638,0.16666666666666674,0.6101694915254239,0.48611111111111116,1,0.16922207965861058,0.047569230578760724,0.456140350877193,2
279,809,279,0,0.731578947368421,1,2,1,11608,0.6654545454545453,0.2619047619047621,0.8813559322033901,0.7916666666666667,0,0.22145123926996835,0.06811787537103164,0.456140350877193,2
280,809,280,0,0.731578947368421,1,4,1,11308,0.47999999999999976,0.08333333333333348,0.6101694915254239,0.41666666666666674,1,0.20230849705624698,0.07057232262517665,0.456140350877193,2
281,809,281,0,0.731578947368421,1,2,1,11308,0.5127272727272727,0.2142857142857144,0.8305084745762712,0.7222222222222223,0,0.19252447297836595,0.05410307440410911,0.456140350877193,2
282,809,282,0,0.731578947368421,1,2,1,111308,0.4945454545454546,0.09523809523809534,0.7118644067796613,0.4722222222222223,1,0.19804550058111903,0.12804600618409445,0.456140350877193,2
283,809,283,0,0.731578947368421,1,2,1,111308,0.8072727272727271,0.30952380952380953,1.0,0.8194444444444444,0,0.17179577683124014,0.054746863847817906,0.456140350877193,2
284,809,284,0,0.731578947368421,1,2,1,11408,0.49818181818181806,0.13095238095238093,0.7966101694915255,0.5555555555555556,1,0.19323000386352662,0.12458873306570695,0.0,2
285,809,285,0,0.731578947368421,1,2,1,11408,0.6436363636363636,0.4404761904761907,0.9830508474576272,0.8333333333333333,0,0.16663844543126016,0.10117398719230586,0.0,2
286,809,286,0,0.731578947368421,1,3,1,11908,0.5127272727272727,0.15476190476190488,0.7118644067796613,0.5416666666666667,0,0.12129765215220711,0.0628747055746608,0.456140350877193,2
287,809,287,0,0.731578947368421,1,3,1,11908,0.6327272727272726,0.36904761904761907,0.9661016949152543,0.8611111111111112,0,0.17217735973251047,0.08370810339010859,0.456140350877193,2
288,809,288,0,0.731578947368421,1,3,1,111308,0.41454545454545455,0.13095238095238093,0.8135593220338984,0.5555555555555556,1,0.20214155453694116,0.1020994345176387,0.456140350877193,2
290,809,290,0,0.731578947368421,1,1,1,11308,0.5672727272727274,0.22619047619047628,0.745762711864407,0.5694444444444444,0,0.17846552795969206,0.09007790471297383,0.456140350877193,2
291,809,291,0,0.731578947368421,1,1,1,11308,0.5199999999999998,0.29761904761904767,0.8305084745762712,0.6388888888888888,0,0.14281137562225843,0.09616914329576964,0.456140350877193,2
292,809,292,0,0.731578947368421,1,2,1,11908,0.5854545454545454,0.29761904761904767,0.8305084745762712,0.6666666666666667,0,0.12208864170796518,0.10800805974861305,0.456140350877193,2
293,809,293,0,0.731578947368421,1,2,1,11908,0.5236363636363637,0.20238095238095255,0.7627118644067798,0.6944444444444444,1,0.1893346784130603,0.13174160520231482,0.456140350877193,2
294,809,294,0,0.731578947368421,1,3,1,11608,0.5199999999999998,0.22619047619047628,0.745762711864407,0.5555555555555556,1,0.16836948036358512,0.019759383695413746,0.456140350877193,2
295,809,295,0,0.731578947368421,1,4,1,11608,0.6000000000000001,0.34523809523809534,0.9830508474576272,0.8611111111111112,0,0.1916261632316254,0.0948815644083485,0.456140350877193,2
296,809,296,0,0.731578947368421,1,3,1,11608,0.56,0.13095238095238093,0.6271186440677967,0.5277777777777777,0,0.1512002372173702,0.07156276792319183,0.456140350877193,2
297,809,297,0,0.731578947368421,1,1,1,11608,0.6909090909090909,0.38095238095238115,0.8135593220338984,0.9166666666666667,0,0.15324329566792083,0.07748067857883534,0.456140350877193,2
298,809,298,0,0.731578947368421,1,3,1,11908,0.4763636363636363,0.08333333333333348,0.7288135593220342,0.5694444444444444,1,0.12217410037856213,0.11295719109713431,0.456140350877193,2
299,809,299,0,0.731578947368421,1,2,1,11908,0.4763636363636363,0.3928571428571428,0.8644067796610173,0.9027777777777777,0,0.11234635325991049,0.11118677012693112,0.456140350877193,2
300,910,300,0,0.731578947368421,1,3,1,111809,0.6181818181818182,0.16666666666666674,0.6779661016949157,0.5347222222222223,1,0.1442502611457981,0.22964093262805463,0.456140350877193,2
301,910,301,0,0.731578947368421,1,3,1,111809,0.7418181818181817,0.29761904761904767,0.8305084745762712,0.7638888888888888,0,0.12993891493722143,0.22991020994345313,0.0,2
302,910,302,0,0.731578947368421,1,4,1,111509,0.5563636363636362,0.1785714285714286,0.6779661016949157,0.5625,1,0.5994255984889323,0.23982704348983397,0.456140350877193,2
303,910,303,0,0.731578947368421,1,4,1,111509,0.6509090909090909,0.3333333333333335,0.8813559322033901,0.7361111111111112,0,0.11292866466653617,0.19244661654600748,0.456140350877193,2
304,910,304,0,0.731578947368421,1,4,1,112209,0.46545454545454534,0.08333333333333348,0.6779661016949157,0.5694444444444444,1,0.0954314987145426,0.2521983242903616,0.456140350877193,2
305,910,305,0,0.731578947368421,1,1,1,112209,0.6799999999999999,0.5,0.9491525423728815,0.8055555555555556,0,0.12760768189977378,0.22233949369674377,0.456140350877193,2
306,910,306,0,0.731578947368421,1,4,1,112009,0.4109090909090909,0.15476190476190488,0.7796610169491527,0.5277777777777777,1,0.1197375345610765,0.25768601026967985,0.456140350877193,2
307,910,307,0,0.731578947368421,1,4,1,112009,0.698181818181818,0.13095238095238093,0.7796610169491527,0.7222222222222223,0,0.1037547757484989,0.2089963384475393,0.0,2
308,910,308,0,0.731578947368421,1,3,1,112509,0.56,0.1071428571428572,0.6779661016949157,0.6041666666666667,1,0.09831920681634254,0.24216697050639624,0.456140350877193,2
309,910,309,0,0.731578947368421,1,2,1,112509,0.7272727272727273,0.4642857142857144,0.9830508474576272,0.7916666666666667,0,0.1279395795274414,0.27917248295350916,0.456140350877193,2
310,910,310,0,0.731578947368421,1,2,1,112509,0.56,0.22619047619047628,0.7796610169491527,0.625,1,0.1320654446474252,0.2887983731935986,0.456140350877193,2
311,910,311,0,0.731578947368421,1,2,1,112509,0.730909090909091,0.4761904761904763,0.9491525423728815,0.75,0,0.1460369435845581,0.34671775713662356,0.456140350877193,2
312,910,312,0,1.0,1,4,1,12109,0.4872727272727273,0.16666666666666674,0.6779661016949157,0.5694444444444444,1,0.10403301328067482,0.2445347537969642,0.456140350877193,2
313,910,313,0,0.731578947368421,1,3,1,12109,0.6327272727272726,0.35714285714285743,0.8813559322033901,0.8194444444444444,0,0.23875165153849465,0.4105983837170797,0.456140350877193,2
314,910,314,0,0.731578947368421,1,2,1,112709,0.4509090909090909,0.19047619047619047,0.7118644067796613,0.5972222222222223,0,0.11305585896695969,0.2641084289990001,0.456140350877193,2
315,910,315,0,0.731578947368421,1,2,1,112709,0.6799999999999999,0.30952380952380953,0.9152542372881358,0.6944444444444444,0,0.12695978593199242,0.2804507764162594,0.456140350877193,2
316,910,316,0,0.731578947368421,1,2,1,111809,0.6290909090909089,0.3214285714285716,0.745762711864407,0.6180555555555556,0,0.08029935178604641,0.29484318465305037,0.456140350877193,2
317,910,317,0,0.731578947368421,1,2,1,111809,0.5381818181818181,0.1785714285714286,0.8474576271186445,0.6041666666666667,1,0.5211647341082646,0.30062490908021644,0.456140350877193,2
318,910,318,0,0.731578947368421,1,4,1,111809,0.5927272727272725,0.15476190476190488,0.5254237288135597,0.5347222222222223,1,0.10605222279989635,0.27201032539223213,0.456140350877193,2
319,910,319,0,0.731578947368421,1,3,1,111809,0.6909090909090909,0.4047619047619049,0.898305084745763,0.7083333333333333,0,0.11415688462999962,0.2011563448854332,0.456140350877193,2
320,910,320,0,0.731578947368421,1,4,1,112209,0.5963636363636362,0.22619047619047628,0.7966101694915255,0.5972222222222223,1,0.09343017589381808,0.2571784070544467,0.456140350877193,2
321,910,321,0,0.731578947368421,1,4,1,112209,0.8654545454545455,0.4642857142857144,0.9491525423728815,0.8055555555555556,0,0.1350644477620957,0.20560715844339228,0.456140350877193,2
322,910,322,0,0.731578947368421,1,2,1,111809,0.5490909090909091,0.2857142857142858,0.7288135593220342,0.6319444444444444,1,0.13434301758938183,0.2482396382398555,0.456140350877193,2
323,910,323,0,0.731578947368421,1,3,1,111809,0.6181818181818182,0.22619047619047628,0.9491525423728815,0.7777777777777777,0,0.204095179495007,0.3796222070216384,0.456140350877193,2
324,910,324,0,0.731578947368421,1,3,1,12109,0.5527272727272725,0.08333333333333348,0.745762711864407,0.5625,0,0.12440795027974794,0.24132199686152767,0.456140350877193,2
325,910,325,0,0.731578947368421,1,2,1,12109,0.5345454545454544,0.35714285714285743,0.7288135593220342,0.7777777777777777,0,0.137407605265208,0.2974369132772292,0.456140350877193,2
326,910,326,0,0.731578947368421,1,4,1,111009,0.3490909090909091,0.19047619047619047,0.6440677966101696,0.5555555555555556,1,0.0975639906575787,0.1765437792297444,0.456140350877193,2
327,910,327,0,0.731578947368421,1,3,1,111009,0.7745454545454544,0.3214285714285716,0.7966101694915255,0.7777777777777777,0,0.154614609219361,0.21042938898810526,0.456140350877193,2
328,910,328,0,0.731578947368421,1,3,1,11909,0.40727272727272723,0.1071428571428572,0.6101694915254239,0.5208333333333333,1,0.15670735294351457,0.19735241591274288,0.456140350877193,2
329,910,329,0,0.731578947368421,1,2,1,11909,0.5818181818181818,0.23809523809523814,0.6271186440677967,0.7777777777777777,0,0.16399717628653065,0.24510425984332507,0.456140350877193,2
330,910,330,0,0.731578947368421,1,4,1,112009,0.669090909090909,0.25,0.745762711864407,0.6388888888888888,1,0.12216813814572958,0.25809766409666857,0.456140350877193,2
331,910,331,0,0.731578947368421,1,2,1,112009,0.6436363636363636,0.3333333333333335,0.9661016949152543,0.9027777777777777,0,0.13118104677729403,0.25019576770343654,0.456140350877193,2
332,910,332,0,0.731578947368421,1,5,1,112709,0.41454545454545455,0.25,0.6949152542372885,0.5416666666666667,0,0.11609262288956845,0.28106361444440786,0.456140350877193,2
333,910,333,0,0.731578947368421,1,3,1,112709,0.7054545454545453,0.38095238095238115,0.9830508474576272,0.7777777777777777,0,0.2292220160614602,0.3890809596176892,0.456140350877193,2
334,910,334,0,0.731578947368421,1,6,1,112509,0.5127272727272727,0.11904761904761907,0.7627118644067798,0.4652777777777777,1,0.13317839477613003,0.32759287746025123,0.456140350877193,2
335,910,335,0,0.731578947368421,1,4,1,112509,0.8363636363636362,0.34523809523809534,0.9830508474576272,0.875,0,0.08969980555171309,0.2590416822713397,0.456140350877193,2
336,910,336,0,0.731578947368421,1,4,1,12109,0.4509090909090909,0.30952380952380953,0.7627118644067798,0.6041666666666667,0,0.08126722091583072,0.2581657572109073,0.456140350877193,2
337,910,337,0,1.0,1,3,1,12109,0.6072727272727272,0.36904761904761907,0.8474576271186445,0.9166666666666667,0,0.14032114970928156,0.35070120431957896,0.456140350877193,2
338,910,338,0,1.0,1,5,0,12109,0.5490909090909091,0.0714285714285714,0.7118644067796613,0.6180555555555556,1,0.07147524719417309,0.2516845307920157,0.456140350877193,2
339,910,339,0,0.731578947368421,1,3,0,12109,0.3272727272727274,0.4642857142857144,0.30508474576271194,0.3055555555555556,0,0.0,0.0,0.456140350877193,2
340,910,340,0,0.731578947368421,1,3,1,112209,0.5345454545454544,0.14285714285714302,0.7288135593220342,0.5972222222222223,1,0.15488092228587225,0.2724405500685574,0.456140350877193,2
341,910,341,0,0.731578947368421,1,3,1,112209,0.6654545454545453,0.30952380952380953,0.8474576271186445,0.8472222222222223,0,0.13304921306476247,0.30250985028800237,0.456140350877193,2
342,910,342,0,0.731578947368421,1,1,1,112209,0.4763636363636363,0.20238095238095255,0.6779661016949157,0.6944444444444444,0,0.12128374027559818,0.2782067987879433,0.456140350877193,2
343,910,343,0,0.731578947368421,1,3,1,112209,0.6472727272727272,0.35714285714285743,0.6949152542372885,0.75,0,0.14541885878093797,0.2671819045644064,0.456140350877193,2
344,809,344,0,1.0,1,4,1,112207,0.4766432520959685,0.48090007188680906,0.2749114038438374,0.2444291876336525,1,0.29623751309703805,0.6556438358708334,0.456140350877193,1
345,910,345,0,1.0,1,3,1,112109,0.3781818181818182,0.4946749540228734,0.25423728813559343,0.18055555555555558,1,0.41919266597663785,0.7844667225855568,0.456140350877193,1
346,910,346,0,1.0,1,4,1,112709,0.6681372317527647,0.6295474098738651,0.4725759733797399,0.19444444444444442,1,0.364886661928679,0.9682747990479337,0.456140350877193,1
347,708,347,0,1.0,1,3,1,112309,0.6085283681209925,0.614091327850594,0.3705292177370052,0.24841836645344895,1,0.42185977146364095,0.6851219640530264,0.456140350877193,1
348,809,348,0,1.0,1,11,1,113007,0.7034034942437934,0.8456203328767344,0.5935468606269056,0.5612538131628697,0,0.33958692061008744,0.7944145075475033,0.456140350877193,1
349,708,349,0,1.0,1,5,1,112607,0.748809783128253,0.7976847871086146,0.42382240876480726,0.28468387418664176,1,0.3461056285067865,0.7705602515731051,0.456140350877193,1
350,809,350,0,1.0,1,6,1,112309,0.4783314545306152,0.48058425170345664,0.2769347941710767,0.24433707341350808,1,0.4011410123712358,0.7852405079746321,0.456140350877193,1
351,910,351,0,1.0,1,5,1,112109,0.5668945556867879,0.4452040457414972,0.4377530402608554,0.17157539822116408,1,0.3447124534349617,0.745842451104501,0.456140350877193,1
352,708,352,0,1.0,1,4,1,112207,0.5404858651846787,0.5320339222754678,0.4067796610169494,0.2259860115549862,1,0.34436465651974113,0.8377186330616837,0.456140350877193,1
354,708,354,0,1.0,1,7,1,112107,0.923778212122967,0.5780349724573326,0.17387727253355179,0.2777777777777777,1,0.3461056285067865,0.7705602515731051,0.456140350877193,1
355,809,355,0,1.0,1,11,1,112408,0.6687446044639775,0.6839569418309153,0.45058741161767335,0.4871582942449002,0,0.33958692061008744,0.7944145075475033,0.456140350877193,1
356,708,356,0,1.0,1,3,1,112807,0.3419097858011153,0.43873696371907234,0.2365623468520992,0.14049818138229342,1,0.4088700535329013,0.6898141986523747,0.456140350877193,1
357,910,357,0,1.0,1,5,1,112709,0.44939185523166714,0.6001272585996817,0.5038340144364608,0.19444444444444442,1,0.35663294427776693,0.7356903867998401,0.456140350877193,1
358,809,358,0,1.0,1,11,1,112408,0.7844588137294028,0.880790297793101,0.5170645337744033,0.47060429674808657,1,0.8786053621937202,0.8241711984697622,0.456140350877193,1
359,910,359,0,1.0,1,2,1,112309,0.583879341887122,0.4599115755706795,0.32739468091472057,0.2661867918392544,1,0.3357710915973855,0.8355087019904852,0.456140350877193,1
360,809,360,0,1.0,1,3,1,112508,0.6962712712477652,0.7061641875170253,0.5012207652978682,0.3472222222222223,1,0.2560759127383503,0.5797323940610433,0.456140350877193,1
361,910,361,0,1.0,1,2,0,112109,0.6581818181818182,0.6748692580748137,0.487391029036226,0.3033959560991968,0,0.36361670633538923,0.7157174383370419,0.0,1
362,708,362,0,1.0,1,3,1,112807,0.4672327297396188,0.41666666666666696,0.3114251422011227,0.04516435028149268,1,0.24334654564129,0.7643483024696138,0.456140350877193,1
363,809,363,0,1.0,1,5,1,112709,0.6858061635209196,0.6438282772219965,0.46082743279685134,0.19819991418974914,1,0.34436465651974113,0.7291998749562802,0.456140350877193,1
364,910,364,0,1.0,1,2,1,112709,0.3781818181818182,0.47411124795394377,0.25423728813559343,0.18055555555555558,1,0.3841943592507622,0.7844667225855568,0.456140350877193,1
365,910,365,0,1.0,1,2,1,112309,0.6268208088931977,0.4959718836634406,0.4349430208089662,0.27005008849011336,1,0.3357710915973855,0.8056405859721991,0.456140350877193,1
366,708,366,0,1.0,1,7,1,111408,0.7250508765372099,0.7076733475881998,0.42372881355932224,0.28800149253584695,1,0.7361928599479457,0.6850414903725621,0.456140350877193,1
367,910,367,0,1.0,1,3,0,112109,0.5574644444634735,0.40567081206481803,0.4333028652328883,0.17444162670790486,1,0.3841943592507622,0.8081445554912445,0.456140350877193,1
368,708,368,0,1.0,1,6,1,112408,0.7494135597658025,0.8757016362699517,0.5449882600092719,0.4444444444444444,0,0.1668491109913366,0.7485847465233828,0.0,1
369,708,369,0,1.0,1,7,1,111709,0.736912693384133,0.800466844659323,0.42778330426073063,0.2830610072820616,1,0.3004210131344014,0.7427937366715458,0.456140350877193,1
370,708,370,0,1.0,1,3,1,112807,0.6902761848244932,0.7970060145461253,0.3633681830920428,0.30250886942756594,0,0.3277896492458172,0.8561130593307684,0.456140350877193,1
371,910,371,0,1.0,1,3,1,112109,0.715307897452893,0.6143241635752155,0.49928924813713405,0.3781810113895201,0,0.43200351692240657,0.7215177336135472,0.456140350877193,1
372,809,372,0,1.0,1,11,1,112709,0.702088919431372,0.7754344866664691,0.5687430446223813,0.5353254281312398,0,0.3629151502721164,0.718741391637546,0.456140350877193,1
373,708,373,0,1.0,1,5,1,112109,0.3781818181818182,0.46266194075842915,0.25423728813559343,0.18055555555555558,1,0.3651052771325318,0.792767892239552,0.456140350877193,1
374,809,374,0,1.0,1,11,1,111709,0.6769955252699764,0.8487743904530474,0.658560712486731,0.5239526363390903,0,0.32187511427612936,0.8241711984697622,0.456140350877193,1
375,708,375,0,1.0,1,5,1,112207,0.6414789310105657,0.6565775566721976,0.38896884316121705,0.2503530434270014,1,0.34167171469046487,0.7213660716772887,0.456140350877193,1
376,708,376,0,1.0,1,4,0,112109,0.5429660257444808,0.5800745575225346,0.3559322033898309,0.3055555555555556,0,0.4198842849851898,0.8092371404606187,0.456140350877193,1
377,708,377,0,1.0,1,4,0,112109,0.5307013657112802,0.5610204374136538,0.3559322033898309,0.30533729732161996,0,0.36361670633538923,0.8092371404606187,0.456140350877193,1
378,708,378,0,1.0,1,3,1,112807,0.6776839093266713,0.7651587541241569,0.3621034595362338,0.16161681126755245,1,0.28864759070146073,0.7643483024696138,0.456140350877193,1
379,910,379,0,1.0,1,3,1,112109,0.8183799007967256,0.7339993847821722,0.5612519341278315,0.36547716640383787,0,0.45811213449525323,0.7500796998950747,0.0,1
380,910,380,0,1.0,1,5,1,112709,0.539636551339894,0.6127891419822129,0.4918159556327022,0.19444444444444442,1,0.364886661928679,0.8081445554912445,0.456140350877193,1
381,910,381,0,1.0,1,3,1,112607,0.4982427955884108,0.45878371868607726,0.3804304888738397,0.26388888888888884,1,0.3945288961601632,0.7294196300067783,0.456140350877193,1
382,910,382,0,1.0,1,5,1,112709,0.6319237040178038,0.6368879102178306,0.43232335099171637,0.19790683651595664,1,0.335643897296962,0.7356903867998401,0.456140350877193,1
383,708,383,0,1.0,1,3,1,111408,0.7281986875545496,0.8025045586075668,0.43068445632263774,0.28187234081225254,1,0.2162640967058267,0.7547812199190931,0.456140350877193,1
384,708,384,0,1.0,1,4,1,112807,0.6830704340190248,0.6071428571428572,0.4071560093927493,0.2933642282045623,0,0.19969703907567893,0.8561130593307684,0.456140350877193,1
385,910,385,0,1.0,1,3,1,112109,0.6847767472855462,0.7030855177312461,0.5254237288135597,0.385711136590394,0,0.43200351692240657,0.8137777131237094,0.456140350877193,1
386,708,386,0,1.0,1,3,1,112709,0.39497743487173675,0.5018328549959241,0.2594562650731391,0.1816247209698444,1,1.0,0.7844667225855568,0.456140350877193,1
387,708,387,0,1.0,1,3,1,112107,0.8670096248840815,0.562973231582307,0.2262079965035002,0.27576561491032114,1,0.2162640967058267,0.6850414903725621,0.456140350877193,1
388,910,388,0,1.0,1,4,1,112109,0.8389540719894317,0.7918611445028332,0.5904877747923054,0.3588719265659166,0,0.0,1.0,0.456140350877193,1
389,910,389,0,1.0,1,3,1,111909,0.6846589432386534,0.582308696661268,0.4032049653733507,0.2703451225857123,1,0.4011410123712358,0.7852405079746321,0.456140350877193,1
390,708,390,0,1.0,1,2,1,112807,0.5467690891037145,0.6185642631211659,0.13096468786305548,0.1527777777777778,1,0.24334654564129,0.7620548025763965,0.0,1
391,910,391,0,1.0,1,3,1,112207,0.5198816048058714,0.439675832713293,0.312989575829802,0.2587972743959781,1,0.34167171469046487,0.7213660716772887,0.456140350877193,1
392,708,392,0,1.0,1,5,0,112109,0.6413548408973011,0.6632691178794907,0.48886686968965165,0.3055555555555556,0,0.20972551469968614,0.8092371404606187,0.456140350877193,1
393,910,393,0,1.0,1,4,1,112807,0.6377247107698407,0.6953692408416345,0.4679210873525128,0.3041921672006882,0,0.39719202682527777,0.6741063552541577,0.456140350877193,1
394,910,394,0,1.0,1,5,1,112709,0.5206784365777675,0.6392143998547355,0.3114091545385098,0.21092458415119497,1,0.364886661928679,0.792767892239552,0.456140350877193,1
395,708,395,0,1.0,1,4,1,111909,0.4945454545454546,0.46812289291107234,0.3861884406267788,0.2623966527568051,1,0.8992227633279755,0.6556438358708334,0.456140350877193,1
396,910,396,0,1.0,1,5,1,112309,0.5914631787652993,0.7227161946962108,0.27538139993893873,0.16026864224882842,1,0.41919266597663785,0.7649642356393169,0.456140350877193,1
397,910,397,0,1.0,1,7,1,112607,0.530344148839943,0.4276856958138022,0.2816081408530189,0.26388888888888884,1,0.32493175230817917,0.8355087019904852,0.456140350877193,1
398,910,398,0,1.0,1,3,1,112109,0.5445116843736519,0.5974057464476981,0.3933528372907289,0.16666666666666663,1,0.3841943592507622,0.750222076406664,0.0,1
399,708,399,0,1.0,1,3,1,111709,0.693556313091318,0.7338086964352706,0.4298981872890897,0.2755694203126955,1,0.3461056285067865,0.7547812199190931,0.456140350877193,1
400,809,400,0,1.0,1,4,1,111408,0.5192342866552568,0.581909707097874,0.33152190342185284,0.22298647169810892,1,0.335643897296962,0.730663876912411,0.456140350877193,1
401,910,401,0,1.0,1,5,0,112109,0.569544339235051,0.6273616555184356,0.359795511229525,0.3039726724823477,0,0.4198842849851898,0.8092371404606187,0.0,1
402,910,402,0,1.0,1,4,1,112709,0.6212135440655275,0.5441479899345838,0.3147947832436233,0.19444444444444442,1,0.25989372916199627,0.8081445554912445,0.456140350877193,1
403,708,403,0,1.0,1,4,1,112107,0.6601737937348549,0.7510723074953871,0.4222021384811452,0.33586090602885443,0,0.37769155064161564,0.5797323940610433,0.0,1
404,910,404,0,1.0,1,3,1,111709,0.6284433363552373,0.4867362460244138,0.41943347880181525,0.2698661846059467,1,0.32493175230817917,0.7003810119255798,0.456140350877193,1
405,910,405,0,1.0,1,4,1,112807,0.5372464406194399,0.41666666666666696,0.33839388724311936,0.0003862294739550576,1,0.34222421493292887,0.62109896096098,0.456140350877193,1
406,708,406,0,1.0,1,3,1,112607,0.4854154643542632,0.5676512398073643,0.3375257894810084,0.22576907849012195,1,0.335643897296962,0.6662601714089398,0.456140350877193,1
407,708,407,0,1.0,1,4,1,112109,0.5737581641516183,0.7252604407385888,0.4322790850659781,0.39118302769031166,0,0.2764687364359204,0.7883696960880506,0.456140350877193,1
408,910,408,0,1.0,1,4,1,112709,0.4234110450413122,0.42063900676890253,0.2994117580618436,0.17901314020506442,1,0.41919266597663785,0.745842451104501,0.456140350877193,1
409,910,409,0,1.0,1,3,1,112508,0.6250064320582123,0.7547699186110903,0.6257832490507944,0.3472222222222223,0,0.41188098111323646,0.8222305447139622,0.456140350877193,1
410,910,410,0,1.0,1,2,1,112109,0.7389759045148547,0.789733513945281,0.5483128929765173,0.3703109003971716,0,0.41188098111323646,0.8807906229591405,0.456140350877193,1
411,809,411,0,1.0,1,5,1,112408,0.8537217398275934,0.7955801084730671,0.5922527068459749,0.3603181903321184,0,0.41188098111323646,0.7273180288900516,0.456140350877193,1
412,708,412,0,1.0,1,3,1,12307,0.3781818181818182,0.47691407628423166,0.25423728813559343,0.18055555555555558,1,0.41919266597663785,0.750222076406664,0.456140350877193,1
413,809,413,0,1.0,1,4,1,112109,0.5817647506394843,0.5845880588498726,0.4067796610169494,0.22890568580912007,1,0.36521657214540193,0.8377186330616837,0.456140350877193,1
414,910,414,0,1.0,1,2,0,112709,0.6380596985297959,0.6941509823836478,0.43379596749507954,0.16872903500767245,1,0.3841943592507622,0.745842451104501,0.456140350877193,1
415,809,415,0,1.0,1,11,1,112408,0.6839676797404406,0.8571437425455684,0.6563942238094671,0.5328292218917645,0,0.32581217535642226,0.718741391637546,0.456140350877193,1
416,708,416,0,1.0,1,5,1,111408,0.48384158485293827,0.6690181597732536,0.2740560593843093,0.22916666666666663,1,0.34436465651974113,0.6662601714089398,0.456140350877193,1
417,708,417,0,1.0,1,6,1,112508,0.49114690464794153,0.6684548907170429,0.2762783328892051,0.22942744934067982,1,0.42185977146364095,0.8377186330616837,0.456140350877193,1
418,910,418,0,1.0,1,3,1,112607,0.5594214439530676,0.5747654646313238,0.2798422673720711,0.26388888888888884,1,0.3357710915973855,0.7003810119255798,0.456140350877193,1
419,708,419,0,1.0,1,11,1,111709,0.618161807315581,0.6909347728274597,0.5346911084716859,0.4582569029414554,0,0.36978364249497964,0.7351549273106004,0.456140350877193,1
420,708,420,0,1.0,1,4,1,112109,0.6581818181818182,0.6702485513073428,0.461076495580798,0.300700543818172,0,0.36361670633538923,0.8143410288869566,0.456140350877193,1
421,708,421,0,1.0,1,4,0,112109,0.5645609374457776,0.5934333921877939,0.399382448294868,0.3055555555555556,0,0.4198842849851898,0.6336373794055472,0.456140350877193,1
422,708,422,0,1.0,1,5,1,111408,0.7219220891899869,0.670667082709743,0.4231036110617876,0.20884565204659056,1,0.9186723617914678,0.9682747990479337,0.456140350877193,1
423,708,423,0,1.0,1,4,1,112109,0.48948932485083607,0.6384469525656846,0.3861164632549188,0.22645530787486035,1,0.335643897296962,0.6662601714089398,0.456140350877193,1
424,708,424,0,1.0,1,5,0,112408,0.6220325036764907,0.6082910099552263,0.4405871517549538,0.17012028456091066,1,0.3447124534349617,0.750222076406664,0.456140350877193,1
425,910,425,0,1.0,1,11,1,112709,0.721390018127273,0.8912793746726217,0.6362151057415275,0.5783284547395844,0,0.3629151502721164,0.8241711984697622,0.456140350877193,1
426,708,426,0,1.0,1,4,1,112207,0.5662501376516245,0.693793410288531,0.3992761513300551,0.4027777777777777,0,0.46669178754100016,0.8137777131237094,0.456140350877193,1
427,708,427,0,1.0,1,2,1,112807,0.6384971116424267,0.6355367495817501,0.3991594014271205,0.4696740523879628,0,0.34497280426864085,0.7351549273106004,0.456140350877193,1
428,708,428,0,0.731578947368421,1,4,1,11408,0.6550403998644208,0.2457011949147896,0.8675142410797525,0.8333333333333333,0,0.12385545003728371,0.10117398719230586,0.456140350877193,2
429,809,429,0,0.731578947368421,1,4,1,111509,0.6685293966343813,0.12748536737859473,0.7895331911931542,0.7222222222222223,0,0.06612314952166987,0.0696283044505055,0.456140350877193,2
430,910,430,0,0.731578947368421,1,3,1,12109,0.4591136947383674,0.11834208959985881,0.7627118644067798,0.6111111111111112,1,0.12703729495881277,0.07491480622866398,0.456140350877193,2
431,809,431,0,1.0,1,2,1,11308,0.50011879445531,0.17829115505433668,0.7311778620449498,0.6388888888888888,0,0.19950426021409973,0.25809766409666857,0.456140350877193,2
432,809,432,0,0.731578947368421,1,3,1,11308,0.4949947856523429,0.1542260411934937,0.6440677966101696,0.41666666666666674,1,0.14785343718747979,0.07057232262517665,0.456140350877193,2
433,910,433,0,0.731578947368421,1,4,1,112509,0.5942775359845631,0.23644987491308433,0.7163945137866552,0.75,0,0.08036891116909062,0.0486772912559168,0.456140350877193,2
434,809,434,0,0.731578947368421,1,3,1,112707,0.4630961459136862,0.3381160667312608,0.7320760998223612,0.700778749780792,0,0.1181575428605044,0.13174160520231482,0.456140350877193,2
435,809,435,0,0.731578947368421,1,2,1,11308,0.46696209089533935,0.17759932460080075,0.7953538950333066,0.6388888888888888,0,0.19950426021409973,0.25809766409666857,0.456140350877193,2
436,809,436,0,0.731578947368421,1,4,1,112209,0.620383802557483,0.33099509995545295,0.8508972196707596,0.8194444444444444,0,0.0579091800896403,0.054746863847817906,0.456140350877193,2
437,809,437,0,1.0,1,6,1,11308,0.47999999999999976,0.0775504099811144,0.6266361207317428,0.43016015448851075,1,0.17634496048232084,0.07057232262517665,0.456140350877193,2
438,910,438,0,0.731578947368421,1,4,1,111809,0.49764762915623884,0.10539402402340126,0.7118644067796613,0.5416666666666667,1,0.02872206296435853,0.28106361444440786,0.456140350877193,2
439,910,439,0,0.731578947368421,1,2,1,111509,0.727024147299782,0.47066066515238125,0.9373431154101706,0.75,0,0.08036891116909062,0.2671819045644064,0.456140350877193,2
440,910,440,0,0.731578947368421,1,4,1,112009,0.6637940079495539,0.32955944489185507,0.8202111042050597,0.9493712623415467,0,0.13118104677729403,0.11118677012693112,0.456140350877193,2
441,910,441,0,0.731578947368421,1,3,1,112907,0.4908558770425355,0.22010032891593,0.728421275557225,0.5555555555555556,1,0.20214155453694116,0.1765437792297444,0.456140350877193,2
442,809,442,0,0.731578947368421,1,2,1,11308,0.5977225824558838,0.2365463906432077,0.8463550577460133,0.7352076167640935,0,0.10246295863482358,0.0486772912559168,0.456140350877193,2
443,809,443,0,0.731578947368421,1,4,1,12307,0.36464676934060614,0.05248709169015853,0.649265877567458,0.40206785468407413,1,0.20230849705624698,0.13119376514684866,0.456140350877193,2
444,809,444,0,1.0,1,4,1,11208,0.4495222669260288,0.49018058087844585,0.797775185319507,0.7088106662072977,0,0.1037547757484989,0.0,0.456140350877193,2
445,910,445,0,0.731578947368421,1,3,1,11608,0.3939680675024899,0.13095238095238093,0.6628411723850656,0.5555555555555556,0,0.00046107933903494214,0.019759383695413746,0.456140350877193,2
446,910,446,0,0.731578947368421,1,3,1,112907,0.5827580948270534,0.1475091959720627,0.5564014002549196,0.5326068488251849,1,0.02872206296435853,0.467499466088082,0.456140350877193,2
447,910,447,0,1.0,1,3,1,12109,0.5485498672431259,0.16926932247558257,0.6829324803732066,0.5631782785694888,1,0.6138758647225018,0.2445347537969642,0.456140350877193,2
448,910,448,0,0.731578947368421,1,4,1,12307,0.6336823286917104,0.3728067496843792,0.8367536619156666,0.9166666666666667,0,0.13118104677729403,0.11118677012693112,0.456140350877193,2
449,809,449,0,0.731578947368421,1,6,1,11408,0.4295261636818939,0.07524354144308121,0.6101694915254239,0.4522201042536165,1,0.14785343718747979,0.5251774289897151,0.456140350877193,2
450,809,450,0,0.731578947368421,1,3,1,11308,0.4695346844903445,0.2607339986475834,0.7866695414748799,0.6527777777777777,0,0.06794560535742389,0.08345739692405019,0.456140350877193,2
451,708,451,0,0.731578947368421,1,3,1,112707,0.4943349924412188,0.2433011884696017,0.6603629708625447,0.6527777777777777,1,0.19927372054458248,0.03779167840241371,0.456140350877193,2
452,809,452,0,0.731578947368421,1,4,1,11908,0.7281580092198734,0.47127783031687365,0.946821117212528,0.7495223816511776,0,0.11970176116408227,0.45621767511537126,0.456140350877193,2
453,708,453,0,0.731578947368421,1,6,1,112707,0.5110785527650687,0.11688858100187582,0.7581010373938373,0.46590749720778635,1,0.10232185245779135,0.5251774289897151,0.456140350877193,2
454,809,454,0,0.731578947368421,1,3,1,112707,0.5711645085556367,0.22211951986667056,0.7507440662372895,0.75,0,0.06612314952166987,0.5022393349159833,0.456140350877193,2
455,910,455,0,0.731578947368421,1,4,1,112209,0.5730469941917296,0.1940497413670461,0.7451305179523025,0.5972222222222223,1,0.09831920681634254,0.2571784070544467,0.456140350877193,2
